{"cameraMode":{"drawMode":0,"name":"Shaded","section":"Shading Mode"},"sceneLighting":true,"audioPlay":false,"sceneViewState":{"m_AlwaysRefresh":false,"showFog":true,"showSkybox":true,"showFlares":true,"showImageEffects":true,"showParticleSystems":true,"showVisualEffectGraphs":true,"m_FxEnabled":true},"in2DMode":false,"pivot":{"x":-10.803847312927246,"y":-16.54924774169922,"z":23.54766082763672},"rotation":{"x":0.11814650893211365,"y":-0.2675847113132477,"z":0.033079903572797778,"w":0.9556915760040283},"size":22.205827713012697,"orthographic":false}